Category,Keyword/Question,Intent,Volume,Competition,CPC
Main,"Cerrajero Barcelona urgente",Commercial/Informational,N/A,N/A,N/A
Main,"Cerrajeros Barcelona 24 horas",Commercial/Informational,N/A,N/A,N/A
Main,"Cerrajero barato Barcelona",Commercial/Informational,N/A,N/A,N/A
Main,"Abrir puerta Barcelona",Commercial/Informational,N/A,N/A,N/A
Main,"Cambiar cerradura Barcelona",Commercial/Informational,N/A,N/A,N/A
Main,"Reparación cerraduras Barcelona",Commercial/Informational,N/A,N/A,N/A
Main,"Cerrajero a domicilio Barcelona",Commercial/Informational,N/A,N/A,N/A
Main,"Presupuesto cerrajero Barcelona",Commercial/Informational,N/A,N/A,N/A
Main,"Cerrajeros cerca de mi en Barcelona",Commercial/Informational,N/A,N/A,N/A
Main,"Cerrajero apertura caja fuerte Barcelona",Commercial/Informational,N/A,N/A,N/A
LongTail,"cerrajero urgente 24 horas cerca de mí Barcelona",Commercial/Informational,N/A,N/A,N/A
LongTail,"cuánto cuesta abrir una puerta blindada Barcelona",Commercial/Informational,N/A,N/A,N/A
LongTail,"cerrajero barato apertura puerta sin romper Barcelona",Commercial/Informational,N/A,N/A,N/A
LongTail,"cerrajero para cambiar cerradura Fichet Barcelona urgente",Commercial/Informational,N/A,N/A,N/A
LongTail,"cerrajero para reparar persiana metálica local Barcelona 24h",Commercial/Informational,N/A,N/A,N/A
LongTail,"cerrajero especialista en cajas fuertes Barcelona",Commercial/Informational,N/A,N/A,N/A
LongTail,"necesito un cerrajero urgente en Sants Barcelona",Commercial/Informational,N/A,N/A,N/A
LongTail,"cerrajero apertura coche sin llave Barcelona precio",Commercial/Informational,N/A,N/A,N/A
LongTail,"cómo cambiar bombín cerradura de seguridad Barcelona",Commercial/Informational,N/A,N/A,N/A
LongTail,"cerrajero cambio cerradura anti bumping Barcelona.",Commercial/Informational,N/A,N/A,N/A
NLP,"Necesito cerrajero urgente",Commercial/Informational,N/A,N/A,N/A
NLP,"¿Quién arregla puertas?",Commercial/Informational,N/A,N/A,N/A
NLP,"Se me rompió la llave en la cerradura",Commercial/Informational,N/A,N/A,N/A
NLP,"No puedo abrir la puerta de casa",Commercial/Informational,N/A,N/A,N/A
NLP,"Ayuda",Commercial/Informational,N/A,N/A,N/A
NLP,"no entra la llave",Commercial/Informational,N/A,N/A,N/A
NLP,"He perdido la llave de la puerta",Commercial/Informational,N/A,N/A,N/A
NLP,"¿Dónde encuentro un cerrajero cerca?",Commercial/Informational,N/A,N/A,N/A
NLP,"Necesito abrir la puerta",Commercial/Informational,N/A,N/A,N/A
NLP,"La cerradura no funciona",Commercial/Informational,N/A,N/A,N/A
NLP,"¿Quién me puede ayudar con la puerta?",Commercial/Informational,N/A,N/A,N/A
Semantic,"Amaestramiento",Commercial/Informational,N/A,N/A,N/A
Semantic,"Ganzúa",Commercial/Informational,N/A,N/A,N/A
Semantic,"Bombín",Commercial/Informational,N/A,N/A,N/A
Semantic,"Cerrojo de seguridad",Commercial/Informational,N/A,N/A,N/A
Semantic,"Extracción de llaves",Commercial/Informational,N/A,N/A,N/A
Semantic,"Apertura judicial",Commercial/Informational,N/A,N/A,N/A
Semantic,"Reparación de cerraduras",Commercial/Informational,N/A,N/A,N/A
Semantic,"Cilindro de alta seguridad",Commercial/Informational,N/A,N/A,N/A
Semantic,"Duplicado de llaves codificadas",Commercial/Informational,N/A,N/A,N/A
Semantic,"Instalación de control de accesos.",Commercial/Informational,N/A,N/A,N/A
FAQ,"Aquí tienes 5 preguntas frecuentes REALES que los clientes en Barcelona hacen antes de contratar un cerrajero, enfocadas en precio, tiempo de llegada, factura y garantía, tal como me has pedido:

¿Cuál es el precio total estimado, incluyendo desplazamiento e IVA, para abrir mi puerta? (Necesito saber si el precio es cerrado o un rango aproximado)",Informational,-,-,-
FAQ,"¿Cuánto tiempo tardarás en llegar a mi ubicación en [barrio]? Necesito saber si es una urgencia y si puedo contar contigo rápidamente.",Informational,-,-,-
FAQ,"¿Emitís factura detallada con IVA desglosado del servicio realizado? Necesito la factura para el seguro o para justificar el gasto.",Informational,-,-,-
FAQ,"¿Qué tipo de garantía ofrecéis sobre el trabajo realizado y sobre los materiales utilizados (cerradura, bombín, etc.)? ¿Qué cubre exactamente la garantía y durante cuánto tiempo?",Informational,-,-,-
FAQ,"¿Qué formas de pago aceptáis? (Tarjeta, efectivo, Bizum...) Y, en caso de no poder abrir la puerta sin daños, ¿cobráis algo por el desplazamiento y el diagnóstico?",Informational,-,-,-
